title,description
Spontaneous Combustion,nulla elit ac nulla sed vel enim sit amet nunc viverra dapibus nulla suscipit ligula
Left Behind,nullam varius nulla facilisi cras non velit nec nisi vulputate nonummy maecenas tincidunt lacus at velit vivamus vel nulla eget
Nemesis 3: Time Lapse,in faucibus orci luctus et ultrices posuere cubilia curae mauris viverra diam vitae quam suspendisse potenti nullam porttitor lacus
Selma,vel est donec odio justo sollicitudin ut suscipit a feugiat
Zaat,ornare imperdiet sapien urna pretium nisl ut volutpat sapien arcu sed augue aliquam erat volutpat in
Jesse Stone: Benefit of the Doubt,nulla tellus in sagittis dui vel nisl duis ac nibh fusce lacus purus aliquet at feugiat non pretium
Ishaqzaade,dui proin leo odio porttitor id consequat in consequat ut nulla sed
"Brothers, The",erat vestibulum sed magna at nunc commodo placerat praesent blandit nam nulla
George Carlin: Life Is Worth Losing,bibendum felis sed interdum venenatis turpis enim blandit mi in porttitor pede justo eu massa donec dapibus duis at velit
Cold Prey (Fritt Vilt),et commodo vulputate justo in blandit ultrices enim lorem ipsum dolor sit amet
Claire Dolan,cras mi pede malesuada in imperdiet et commodo vulputate justo in blandit
"Divide, The",eget congue eget semper rutrum nulla nunc purus phasellus in felis donec semper sapien a
To the Devil a Daughter,nisl ut volutpat sapien arcu sed augue aliquam erat volutpat in congue etiam justo etiam pretium iaculis justo in hac
Attack of the 5 Ft. 2 Women (National Lampoon's Attack of the 5 Ft 2 Woman),integer ac neque duis bibendum morbi non quam nec dui luctus rutrum nulla tellus in sagittis dui vel nisl
"Law, The (a.k.a. Where the Hot Wind Blows!) (Legge, La)",enim sit amet nunc viverra dapibus nulla suscipit ligula in lacus curabitur at ipsum ac tellus semper
"Corruptor, The",magna vestibulum aliquet ultrices erat tortor sollicitudin mi sit amet lobortis sapien
ATF ,non quam nec dui luctus rutrum nulla tellus in sagittis dui vel nisl duis ac nibh
"Seventh Seal, The (Sjunde inseglet, Det)",pede lobortis ligula sit amet eleifend pede libero quis orci
The Boy in the Mirror,semper interdum mauris ullamcorper purus sit amet nulla quisque arcu libero rutrum ac lobortis vel
On the Other Side of the Tracks (De l'autre côté du périph),suscipit nulla elit ac nulla sed vel enim sit amet nunc viverra dapibus
"Good Morning, Miss Dove",montes nascetur ridiculus mus etiam vel augue vestibulum rutrum rutrum neque aenean auctor gravida sem praesent id massa id
Honey,accumsan tortor quis turpis sed ante vivamus tortor duis mattis egestas metus aenean fermentum donec ut mauris
Tempest,dolor morbi vel lectus in quam fringilla rhoncus mauris enim leo rhoncus sed vestibulum sit amet cursus
"Beaver, The",nulla dapibus dolor vel est donec odio justo sollicitudin ut suscipit a feugiat
In the Basement,diam in magna bibendum imperdiet nullam orci pede venenatis non
State Property,lorem vitae mattis nibh ligula nec sem duis aliquam convallis nunc proin at turpis a
Chappie,duis bibendum felis sed interdum venenatis turpis enim blandit mi in
Story of My Death,sit amet eleifend pede libero quis orci nullam molestie nibh in lectus pellentesque
Homage,elit ac nulla sed vel enim sit amet nunc viverra dapibus nulla suscipit ligula in lacus curabitur at ipsum ac
Proof,eget eleifend luctus ultricies eu nibh quisque id justo sit amet
Ce que mes yeux ont vu,posuere cubilia curae nulla dapibus dolor vel est donec odio justo sollicitudin ut suscipit a feugiat et
How the West Was Won,eget elit sodales scelerisque mauris sit amet eros suspendisse accumsan tortor quis turpis
Meet the Feebles,porta volutpat quam pede lobortis ligula sit amet eleifend pede libero quis orci
Satisfaction (a.k.a. Girls of Summer),eros elementum pellentesque quisque porta volutpat erat quisque erat eros viverra eget congue eget
Loving,vulputate vitae nisl aenean lectus pellentesque eget nunc donec quis orci eget orci vehicula condimentum curabitur in libero ut
"Cure, The",nunc viverra dapibus nulla suscipit ligula in lacus curabitur at ipsum ac tellus semper interdum mauris
Queen - Rock Montreal,mauris eget massa tempor convallis nulla neque libero convallis eget eleifend luctus ultricies eu nibh quisque id justo
"Enforcer, The (Gei ba ba de xin)",habitasse platea dictumst maecenas ut massa quis augue luctus tincidunt nulla mollis molestie lorem quisque ut erat
Cry Wolf,curabitur convallis duis consequat dui nec nisi volutpat eleifend donec ut dolor
"Journey, The (El viaje)",nulla ultrices aliquet maecenas leo odio condimentum id luctus nec molestie sed justo pellentesque
Once in the Life,justo etiam pretium iaculis justo in hac habitasse platea dictumst etiam faucibus cursus urna ut tellus
"Last of Sheila, The",rhoncus dui vel sem sed sagittis nam congue risus semper porta
"Stepfather, The",pretium nisl ut volutpat sapien arcu sed augue aliquam erat volutpat in congue etiam justo etiam pretium
"Pickle, The",odio consequat varius integer ac leo pellentesque ultrices mattis odio donec vitae nisi nam ultrices libero non mattis pulvinar
Mare Nostrum,ut suscipit a feugiat et eros vestibulum ac est lacinia nisi venenatis tristique fusce congue diam id ornare
"Shrimp on the Barbie, The",morbi sem mauris laoreet ut rhoncus aliquet pulvinar sed nisl
Route Irish,sapien ut nunc vestibulum ante ipsum primis in faucibus orci luctus et ultrices posuere cubilia
Phone Booth,nec nisi vulputate nonummy maecenas tincidunt lacus at velit vivamus vel nulla eget eros
"Hey, Happy!",ipsum dolor sit amet consectetuer adipiscing elit proin interdum mauris non ligula pellentesque ultrices phasellus
Baran,dictumst etiam faucibus cursus urna ut tellus nulla ut erat id mauris vulputate elementum nullam varius
In Therapy (Divã),eu tincidunt in leo maecenas pulvinar lobortis est phasellus sit amet erat nulla tempus vivamus
Reservation Road,enim sit amet nunc viverra dapibus nulla suscipit ligula in lacus curabitur at ipsum ac tellus semper interdum mauris
Crazy Mama,quam sollicitudin vitae consectetuer eget rutrum at lorem integer tincidunt ante vel ipsum praesent blandit lacinia erat vestibulum sed magna
Love (Szerelem),parturient montes nascetur ridiculus mus etiam vel augue vestibulum rutrum rutrum
Survive Style 5+,ligula suspendisse ornare consequat lectus in est risus auctor sed tristique in tempus sit amet sem fusce consequat nulla
"Nightmare Castle (Amanti d'oltretomba) (Lovers from Beyond the Tomb) (Faceless Monster, The)",lorem integer tincidunt ante vel ipsum praesent blandit lacinia erat vestibulum sed magna at nunc
Tesla: Master of Lightning,id ornare imperdiet sapien urna pretium nisl ut volutpat sapien arcu
Mona and the Time of Burning Love (Mona ja palavan rakkauden aika)),semper est quam pharetra magna ac consequat metus sapien ut nunc vestibulum ante
Hysteria,sem mauris laoreet ut rhoncus aliquet pulvinar sed nisl nunc rhoncus dui vel sem sed sagittis
Gerontophilia,nisi eu orci mauris lacinia sapien quis libero nullam sit amet turpis
"Remember the Daze (Beautiful Ordinary, The)",eget nunc donec quis orci eget orci vehicula condimentum curabitur in libero ut massa
That Guy... Who Was in That Thing,volutpat dui maecenas tristique est et tempus semper est quam pharetra magna ac consequat metus
Mr. Average,ac consequat metus sapien ut nunc vestibulum ante ipsum primis in faucibus orci luctus et
Standby,nunc rhoncus dui vel sem sed sagittis nam congue risus semper porta volutpat quam pede lobortis ligula
Cookers,mattis pulvinar nulla pede ullamcorper augue a suscipit nulla elit ac nulla sed vel enim sit amet nunc viverra dapibus
Peppermint Soda (Diabolo menthe),aliquet maecenas leo odio condimentum id luctus nec molestie sed justo pellentesque viverra pede ac
Oh My God,cras mi pede malesuada in imperdiet et commodo vulputate justo
"Prince of Central Park, The",cum sociis natoque penatibus et magnis dis parturient montes nascetur ridiculus mus etiam vel augue vestibulum
Dream With the Fishes,nam ultrices libero non mattis pulvinar nulla pede ullamcorper augue a suscipit nulla elit ac nulla sed vel enim sit
Shakedown,vivamus vel nulla eget eros elementum pellentesque quisque porta volutpat erat quisque erat eros viverra
By the Sea,faucibus cursus urna ut tellus nulla ut erat id mauris vulputate elementum nullam
The Last of the Finest,non sodales sed tincidunt eu felis fusce posuere felis sed lacus morbi sem mauris laoreet ut rhoncus aliquet
"Rising Place, The",tortor id nulla ultrices aliquet maecenas leo odio condimentum id
Angels Sing,pellentesque ultrices mattis odio donec vitae nisi nam ultrices libero non mattis pulvinar nulla pede ullamcorper
Scooby-Doo 2: Monsters Unleashed,nulla ac enim in tempor turpis nec euismod scelerisque quam turpis adipiscing lorem vitae mattis nibh
All Superheros Must Die,erat volutpat in congue etiam justo etiam pretium iaculis justo
"Bitter Tea of General Yen, The",nisl ut volutpat sapien arcu sed augue aliquam erat volutpat in congue etiam
"Pursuit of the Graf Spee (Battle of the River Plate, The)",id mauris vulputate elementum nullam varius nulla facilisi cras non velit nec nisi vulputate
Death by Hanging (Koshikei),proin leo odio porttitor id consequat in consequat ut nulla sed accumsan felis ut at dolor
Wild in the Streets,ut massa quis augue luctus tincidunt nulla mollis molestie lorem quisque ut
When Ladies Meet,maecenas pulvinar lobortis est phasellus sit amet erat nulla tempus vivamus in felis eu sapien cursus vestibulum proin eu
Killer's Kiss,sapien cum sociis natoque penatibus et magnis dis parturient montes nascetur ridiculus
For Ever Mozart,sit amet sapien dignissim vestibulum vestibulum ante ipsum primis in
Diminished Capacity,sit amet nulla quisque arcu libero rutrum ac lobortis vel dapibus at diam nam
Desi Boyz,ac est lacinia nisi venenatis tristique fusce congue diam id ornare imperdiet sapien urna pretium nisl ut volutpat sapien
Kids World,lobortis convallis tortor risus dapibus augue vel accumsan tellus nisi eu orci mauris lacinia
"Dinner Game, The (Dîner de cons, Le)",fusce consequat nulla nisl nunc nisl duis bibendum felis sed interdum venenatis turpis enim blandit
Adventure in Baltimore,luctus tincidunt nulla mollis molestie lorem quisque ut erat curabitur gravida nisi at nibh in hac
Judy Moody and the Not Bummer Summer,diam in magna bibendum imperdiet nullam orci pede venenatis non sodales sed tincidunt
See Heaven,laoreet ut rhoncus aliquet pulvinar sed nisl nunc rhoncus dui vel sem sed sagittis nam congue risus semper porta volutpat
Anotherworld,lacus morbi sem mauris laoreet ut rhoncus aliquet pulvinar sed nisl nunc rhoncus dui vel
"Merchant of Four Seasons, The (Händler der vier Jahreszeiten)",mattis pulvinar nulla pede ullamcorper augue a suscipit nulla elit ac
"Iceman Cometh, The",donec semper sapien a libero nam dui proin leo odio porttitor id consequat in consequat
Mars Attacks!,nec nisi vulputate nonummy maecenas tincidunt lacus at velit vivamus vel nulla
First Squad: The Moment of Truth,phasellus id sapien in sapien iaculis congue vivamus metus arcu adipiscing
"Raisin in the Sun, A",ante vel ipsum praesent blandit lacinia erat vestibulum sed magna at nunc commodo placerat praesent blandit nam
Capricious Summer (Rozmarné léto),id justo sit amet sapien dignissim vestibulum vestibulum ante ipsum primis
"Giant Gila Monster, The",nisl nunc rhoncus dui vel sem sed sagittis nam congue risus semper
"American Affair, An",ipsum primis in faucibus orci luctus et ultrices posuere cubilia curae
Diamond Men,accumsan odio curabitur convallis duis consequat dui nec nisi volutpat eleifend donec ut dolor morbi vel lectus in quam
