id,name,job,city
1,Vincents Youd,Project Manager,Baishan
2,Josephine Mc Ilwrick,Structural Analysis Engineer,Kanchanaburi
3,Burr Milmoe,Operator,Bordeaux
4,Margo Micklem,GIS Technical Architect,Tadrart
5,Roselle Turbefield,Compensation Analyst,Khondāb
6,Shir Dallewater,Actuary,Charlottenberg
7,Cherri Coucher,Associate Professor,Ogwashi-Uku
8,Upton Cornhill,Software Test Engineer I,Hengshui
9,Lynn Entres,Community Outreach Specialist,Kertorejo
10,Cathleen Realff,Nuclear Power Engineer,Íos
11,Horatius Feighry,Account Executive,Fonte Boa dos Nabos
12,Jenifer Cearley,Actuary,Plyeshchanitsy
13,Carrol O'Cridigan,Registered Nurse,Phra Phutthabat
14,Elke Element,Librarian,Yantian
15,Devlin Le Barre,Legal Assistant,Dajalorong
16,Payton Klulisek,Electrical Engineer,Riangwale
17,Martynne Thews,Food Chemist,Novotroitsk
18,Trixy Spaule,Internal Auditor,Nikol’skoye
19,Janeczka Clipsham,Account Executive,São Martinho do Campo
20,Robinia Hendriksen,Administrative Assistant I,Shuimen
21,Germaine Cumpton,Project Manager,Pokhara
22,Jamaal Redihalgh,Accounting Assistant I,Guanzhuang
23,Nels Dacombe,VP Sales,Erenhot
24,Aura Cleef,Data Coordiator,Thanh Khê
25,Rosy Dunford,Physical Therapy Assistant,Río Cauto
26,Marlena Beldum,Registered Nurse,Tunoshna
27,Ali Knappitt,Project Manager,Boticas
28,Toby Emma,Safety Technician III,Xiaoying
29,Saloma Stuckow,VP Quality Control,Xue’an
30,Carson Bothe,Operator,Solana
31,Collette Danielsson,Account Coordinator,Yidu
32,Lorilee Vaud,Data Coordiator,Lianyi
33,Natka Bogaert,Statistician IV,Reuleuet
34,Aldin Vivash,Mechanical Systems Engineer,Cankova
35,Erhart Turri,Programmer Analyst I,Genisséa
36,Anderson Sherbourne,Actuary,Walenrang
37,Hoyt Lorand,Librarian,Huangtu
38,Alistair Peaddie,Graphic Designer,Hong’an
39,Priscilla Jamrowicz,Assistant Manager,Mainz
40,Frazier Scantlebury,Geologist I,Huangxi
41,Rubetta Kondratenko,Help Desk Operator,Rennes
42,Flory Gingedale,Research Associate,Manzini
43,Brooke Costi,Statistician II,Xinxing
44,Wilfrid Espinoy,Senior Financial Analyst,Redondos
45,Sigrid Simone,Senior Financial Analyst,Gumalang
46,Gussy Shevill,Account Coordinator,Yekimovichi
47,Tate Spier,Media Manager I,Blantyre
48,Vitoria Welton,Professor,Tepusteca
49,Michele Hupe,Senior Financial Analyst,Mrgavan
50,Christa Trobey,Human Resources Manager,Qianxu Zhen
51,Dorelia Clixby,Administrative Officer,Shuanggang
52,Karia Keri,Budget/Accounting Analyst IV,Bandar-e ‘Asalūyeh
53,Emmit Durward,Research Associate,Seremban
54,Gerrie Boar,Clinical Specialist,Jincheng
55,Heindrick Standish-Brooks,GIS Technical Architect,Buenavista
56,Allyson Korneluk,Nuclear Power Engineer,Tanarara
57,Noni Reary,Legal Assistant,San Borja
58,Jaynell Booy,Professor,Skomielna Czarna
59,Aron Nodin,Biostatistician IV,Batangafo
60,Nannette Bligh,Engineer I,La Julia
61,Doyle Dreschler,Analog Circuit Design manager,General Alvear
62,Felicio McWilliams,Technical Writer,Itum-Kali
63,Hewe Greguoli,Safety Technician I,Ronneby
64,Charlotte Kunat,Senior Editor,Dārān
65,Deborah Dickens,Office Assistant IV,Duitama
66,Tobe Emblow,Research Assistant IV,Vale Mourão
67,Pammy Van Velden,Marketing Assistant,Căuşeni
68,Bear Lory,Environmental Specialist,Cidolog
69,Norma Elsbury,Senior Sales Associate,San Vicente
70,Domeniga Losty,Accounting Assistant IV,Naran-mandokhu Somon
71,Rana Ugo,Electrical Engineer,Morávka
72,Marylinda Castelain,Help Desk Operator,Kitaibaraki
73,Manon Pykerman,Senior Quality Engineer,Bromma
74,Abbott Rye,Help Desk Technician,Ramat Yishay
75,Amery Geffe,Structural Engineer,Kuangyuan
76,Ira Jenkerson,Editor,Berezivka
77,Derwin Stithe,Senior Developer,Askiz
78,Giustino Pennycock,Health Coach II,Prómachoi
79,Carolan Linzey,Software Consultant,Jakusko
80,Laverne Puttock,Pharmacist,Lhakangtang
81,Lyman Ammer,Programmer III,Gexi
82,Curt Bamling,Software Test Engineer II,Songgui
83,Harv Ovise,Assistant Professor,Lela
84,Chastity Coltart,Operator,Bāglung
85,Ivie Bouzek,Database Administrator I,Huangdu
86,Carissa Pawelec,Account Executive,Lop Buri
87,Clare Duchasteau,Editor,El Potrero
88,Emmie Nevison,Food Chemist,Detupia
89,Lucretia Lapthorne,Business Systems Development Analyst,Riyue
90,Berke Querrard,Community Outreach Specialist,Monte Azul Paulista
91,Parnell Huniwall,Assistant Professor,Zavetnoye
92,Orsa Lumby,Recruiting Manager,Daveluyville
93,David Collingridge,Financial Advisor,Itapetininga
94,Arron De la Yglesia,Information Systems Manager,Ivot
95,Iolanthe Philipeau,Librarian,El Cardo
96,Thorin Antoniutti,Software Test Engineer II,Brest
97,Galvin Lanphier,Analog Circuit Design manager,Pernå
98,Heinrik Swanson,Human Resources Manager,Zhanping
99,Lissy Flips,Payment Adjustment Coordinator,Bizerte
100,Cele Meeson,Programmer IV,Mazyr
101,Mabel Eberts,Administrative Officer,Buenavista
102,Amerigo Dunbar,Geological Engineer,Houjiagang
103,Rosy Poulston,Electrical Engineer,Mellila
104,Wallie Marklow,Occupational Therapist,Shilaoren
105,Wandie Aveline,Health Coach I,Tantou
106,Tilly Meers,Senior Editor,Farīmān
107,Terri-jo Grayshon,Occupational Therapist,Taihua
108,Lib Boscher,Occupational Therapist,Agía Foteiní
109,Caria Charlot,Computer Systems Analyst II,Ondangwa
110,Ive Spearman,Environmental Specialist,Skärhamn
111,Leandra Hesey,Web Developer II,Yinjiaxi
112,Verile Orthmann,Structural Engineer,Jankowice
113,Danni Beart,Office Assistant I,Kanturk
114,Kahlil Gadaud,Computer Systems Analyst I,Xai-Xai
115,Anabella Lockery,VP Product Management,Las Matas de Santa Cruz
116,Pancho Greatbach,Compensation Analyst,Bangkalan
117,Ariella Pendergast,Geologist I,Karangnongko
118,Mariya Spurrier,Sales Associate,Ginebra
119,Randie Constantinou,Electrical Engineer,Chengyang
120,Melli Caudelier,Engineer IV,Ragay
121,Serene Kimmince,Actuary,Dongdajie
122,Timothy Courtonne,Media Manager III,Tsévié
123,Silva Castangia,Geologist I,Saltsjöbaden
124,Darby Balbeck,Environmental Specialist,Macamic
125,Cecile Stebbin,Developer II,Skolkovo
126,Wally Eunson,Senior Cost Accountant,Crasto
127,Padgett Grinishin,Research Associate,San Antonio
128,Myrna Dicey,Professor,Kasese
129,Lorens Mourbey,Senior Sales Associate,Kosum Phisai
130,Nike Gregersen,Junior Executive,North Battleford
131,Aldric Mullan,Software Consultant,Lian’an
132,Susanetta Shervington,Accountant IV,Maogang
133,Cassondra Haggis,Help Desk Operator,Redange-sur-Attert
134,Beatrix Tarbox,Assistant Professor,Dong Charoen
135,Brenda Birdfield,Senior Quality Engineer,Klippan
136,Zeke Vaissiere,Engineer II,Damaying
137,Cecile Ollin,General Manager,Duczki
138,Logan Hyman,Structural Engineer,Tianjiazhuang
139,Pacorro Lucey,Automation Specialist II,Gununganyartambak Tengah
140,Leigha Brasher,Technical Writer,Tanniu
141,Nanice Hexham,Sales Associate,Askim
142,Raphaela Marrion,Account Executive,Libas
143,Wayland Nelm,VP Marketing,Ketapang
144,Lacee Ayrton,Sales Representative,Kishiwada
145,Renado Grzesiewicz,Cost Accountant,Topeka
146,Edin Sikorski,VP Product Management,Vichuga
147,Amerigo Tunniclisse,Associate Professor,Oranzherei
148,Cordy Roscamp,Senior Quality Engineer,Górki Wielkie
149,Gaye Linning,General Manager,Meadow Lake
150,Zane Boerder,Financial Analyst,Doubrava
151,Elly Finnes,Design Engineer,Kostyantynivka
152,Dionisio Alabastar,Administrative Assistant III,Bayanhongor
153,Rozalie Bucktrout,VP Product Management,Dazhan
154,Kendell Gregersen,Administrative Assistant I,Hotonj
155,Garek Tilliard,Staff Accountant IV,Tiang
156,Megan Denniston,Research Associate,Krajanpagowan
157,Conn Colaton,Structural Engineer,Ondoy
158,Ozzy Crudgington,Nuclear Power Engineer,Lakshmīpur
159,Elna Samsonsen,Nurse,Jalaud
160,Lynett Allaway,Design Engineer,Simuay
161,Lev Clawson,Civil Engineer,Veguitas
162,Gilemette Kennsley,Clinical Specialist,Haozhai
163,Berni Cosgriff,Associate Professor,New York City
164,Gardy Rusbridge,Accountant II,Youludu Sibage
165,Errick Threlkeld,VP Accounting,Examília
166,Prescott Wrixon,VP Marketing,Vrsi
167,Farr Petzold,Administrative Officer,Mashan
168,Blaine Palombi,Project Manager,Cascavel
169,Katerina Lesaunier,Paralegal,Zhonghe
170,Meghan Killingsworth,Account Representative II,Dayeuhluhur
171,Gwenore Darke,Programmer III,Puncan
172,Ellery Rawsthorne,Computer Systems Analyst I,Plast
173,Aloisia Abyss,Design Engineer,Puyang
174,Geneva Tant,General Manager,Quangang
175,Cristal Peers,Paralegal,Ulme
176,Anselma Burnett,Account Executive,Skänninge
177,Kerry Serotsky,Operator,Biên Hòa
178,Luelle Alekseicik,Tax Accountant,Capalonga
179,Sebastiano Keady,Quality Control Specialist,Stockholm
180,Elia Witten,Business Systems Development Analyst,Hikone
181,Colver Sykora,Budget/Accounting Analyst I,Urzhar
182,Catie Belvard,Internal Auditor,Vilhelmina
183,Junina Gannicleff,Health Coach II,Koramlik
184,Gradeigh Newell,Internal Auditor,Buenavista
185,Brendon Rummin,VP Product Management,Brudzeń Duży
186,Hedy Littler,Assistant Media Planner,Cabeçudos
187,Terrance Redholes,Structural Analysis Engineer,Kilim
188,Blondy MacTrustie,Pharmacist,Chư Prông
189,Marietta Cattini,Chief Design Engineer,Fontenay-sous-Bois
190,Ignace Kinsell,Office Assistant I,Qianqiao
191,Carie McDougald,Geological Engineer,Shchukino
192,Raquela Cubberley,Recruiter,Norrtälje
193,Tanya Adamovicz,Occupational Therapist,Amieira do Tejo
194,Kelcy Lomasny,Safety Technician II,Bacelo
195,Jodi Crystal,Senior Sales Associate,Belung Satu
196,Jade Digwood,Help Desk Operator,Lekaj
197,Iver Semble,Quality Control Specialist,St. Catharines
198,Caroline Casillis,Research Nurse,Masaran
199,Diann McLewd,Food Chemist,Shuangpengxi
200,Willamina O' Liddy,Systems Administrator IV,Rennes
201,Johnathon McClarence,Food Chemist,Lidong
202,Karine De Filippo,Chief Design Engineer,Wuyanquan
203,Brockie Hackforth,Geologist IV,Bandar-e Torkaman
204,Averill Menham,Database Administrator II,Wengaingo
205,Sephira Maunders,Office Assistant I,Ulaandel
206,Chrysa Sawford,Clinical Specialist,Stord
207,Corrine McCardle,Geologist IV,Talugtug
208,Goldie Jobin,Accounting Assistant III,Curahuasi
209,Mark Ranscome,Web Designer IV,Sal’sk
210,Rosabelle Heustace,Senior Sales Associate,Staten Island
