id,name,email,department
1,Sheffy Hardiker,shardiker0@state.tx.us,Staff Scientist
2,Hilary Gordge,hgordge1@angelfire.com,Speech Pathologist
3,Onfroi Deveril,odeveril2@mail.ru,Librarian
4,Zonnya Latey,zlatey3@tamu.edu,Clinical Specialist
5,Vivyanne Aldwinckle,valdwinckle4@storify.com,Assistant Professor
6,Issiah Blackader,iblackader5@eventbrite.com,Account Representative IV
7,Fonz Pettiward,fpettiward6@cafepress.com,Product Engineer
8,Storm Dibsdale,sdibsdale7@yahoo.com,Electrical Engineer
9,Morissa Foulks,mfoulks8@about.me,Senior Developer
10,Victoria Martinolli,vmartinolli9@pen.io,VP Accounting
